{"msqgdBXydYAZTUnLNzPEAA==":"03.jpg","/5TxP6rB5Xsj6wML99MSww==":"logo2.png","UAc7kepzJPkrSn4uqTRvmw==":"background4.jpg","WbmBXMWpptuW2rAK6JDqLw==":"multi-design%20creation-122x81.png","iRtgPF8tZGoA9EvFalPlFw==":"multi-design%20creation-212x141.png","tfZM1AI6ZTxpKmKL5dNtyQ==":"multi-design%20creation%20001-738x415.jpg","GNwcn1h6QZ1evYp2BCKrjw==":"multi-design%20creation%20001-800x533.jpg","PPdyI40GB2E2U8W3bgZyfw==":"multi-design%20creation%20010-800x533.jpg","MhLIDRfCQU+wti4JEr4UQg==":"multi-design%20creation%20004-800x533.jpg","8Zb1pNYrS/MHRVbwd27phw==":"multi-design%20creation%20005-800x533.jpg","Ru88pMntsdXtJkuBZxbp9g==":"multi-design%20creation%20009-800x533.jpg","AsMt/fz0iG6KeRGBWsKYeQ==":"multi-design%20creation%20002-800x533.jpg","tTJMva3hsMY9rN5vpegm5Q==":"multi-design%20creation%20006-800x533.jpg","pdsK68Qvb5ayBAc/HvixDg==":"multi-design%20creation%20007-800x533.jpg","zVR1JfjWzRWnBoclSx0CSw==":"multi-design%20creation%20monogram-523x281.jpg","rV/7yA87NmZnlQxFpYty9g==":"multi-design%20creation%20011-1380x637.jpg","sT80Y4RCGNBrSInGgrjIuA==":"background3.jpg","dt8g/eySjLOAwMZwoUv68Q==":"deeney's%20ict%20hub%20logo%2002-1696x1169.png","y2HmIvyFhzmUfEMN4OxnMA==":"deeney's%20ict%20hub%20logo%2002-1696x1169.png","Z/7grXZUNxnc+f77IcwsZw==":"deeney's%20ict%20hub%20logo%2002-1696x1169.png","A6z9RqigGa/JJ/TJunAfhA==":"deeney's%20ict%20hub%20logo%2002-1696x1169.png","SAZ8a+B3RJiYXExxgw/Uww==":"2.png","UmOqk0tlyaqlKURWeVqUwQ==":"1.png","6jAJiYQqDhuPpwVvCkk/cg==":"5.png"}